"","station","glatos_array","station_no","consecutive_deploy_no","intend_lat","intend_long","deploy_lat","deploy_long","recover_lat","recover_long","deploy_date_time","recover_date_time","bottom_depth","riser_length","instrument_depth","ins_model_no","glatos_ins_frequency","ins_serial_no","code_map","code_map_comment","deployed_by","comments","glatos_seasonal","glatos_project","glatos_vps","year","inside"
"1","HAM-001","HAM",1,9,NA,NA,43.30611,-79.81861,NA,NA,2021-10-20 14:07:00,2022-11-22 17:25:00,NA,NA,NA,"VR2W",69,127832,"MAP-114",NA,NA,NA,"No","HAMLO","No","2021",TRUE
"2","HAM-001","HAM",1,10,NA,NA,43.30537,-79.82082,NA,NA,2022-12-07 14:40:00,2023-11-23 18:30:00,11,NA,NA,"VR2W",69,127832,"MAP-115",NA,NA,NA,"No","HAMLO","No","2022",TRUE
"3","HAM-001","HAM",1,11,NA,NA,43.30528,-79.82083,NA,NA,2023-12-01 15:45:00,2024-12-02 17:46:00,11,NA,NA,"VR2W",69,127832,"Generation-2",NA,NA,NA,"No","HAMLO","No","2023",TRUE
"4","HAM-002","HAM",2,9,NA,NA,43.28685,-79.79576,NA,NA,2021-10-20 14:50:00,2022-11-22 16:43:00,22.3,NA,NA,"VR2W",69,127833,"MAP-114",NA,NA,NA,"No","HAMLO","No","2021",TRUE
"5","HAM-002","HAM",2,10,NA,NA,43.2869,-79.79491,NA,NA,2022-12-02 15:05:00,2023-11-20 19:20:00,22.4,NA,NA,"VR2W",69,127833,"MAP-115",NA,NA,NA,"No","HAMLO","No","2022",TRUE
"6","HAM-002","HAM",2,11,NA,NA,43.28528,-79.79556,NA,NA,2023-12-01 18:15:00,2024-12-02 15:38:00,22.4,NA,NA,"VR2W",69,127833,"Generation-2",NA,NA,NA,"No","HAMLO","No","2023",TRUE
"7","HAM-002","HAM",2,12,NA,NA,43.28528,-79.79556,NA,NA,2024-12-10 15:10:00,2025-11-24 14:00:00,22,NA,NA,"VR2W",69,127833,"Generation-2",NA,NA,NA,"No","HAMLO","No","2024",TRUE
"8","HAM-003","HAM",3,10,NA,NA,43.29461,-79.80053,NA,NA,2022-06-09 17:49:00,2023-07-10 14:25:00,17.6,NA,NA,"VR2AR",69,549114,"MAP-115",NA,NA,NA,"No","HAMLO","No","2022",TRUE
"9","HAM-003","HAM",3,11,NA,NA,43.29504,-79.79685,NA,NA,2023-07-10 14:44:00,2024-06-13 13:00:00,2.2,NA,NA,"VR2AR",69,547993,"Generation-2",NA,NA,NA,"No","HAMLO","No","2023",TRUE
"10","HAM-003","HAM",3,12,NA,NA,43.29504,-79.79685,NA,NA,2024-06-13 13:36:00,2025-07-03 14:15:00,15.6,NA,NA,"VR2AR",69,549102,"Generation-2",NA,NA,NA,"No","HAMLO","No","2024",TRUE
"11","HAM-003","HAM",3,13,NA,NA,43.29524,-79.79745,NA,NA,2025-07-03 14:30:00,2025-11-25 16:49:00,15.6,1.5,NA,"VR2AR",69,545558,"Generation-2",NA,NA,NA,"No","HAMLO","No","2025",TRUE
"12","HAM-004","HAM",4,8,NA,NA,43.28714,-79.84452,NA,NA,2021-10-27 15:30:00,2022-11-22 15:05:00,25,NA,NA,"VR2W",69,131524,"MAP-114",NA,NA,NA,"No","HAMLO","No","2021",TRUE
"13","HAM-004","HAM",4,9,NA,NA,43.28639,-79.84778,NA,NA,2022-11-29 19:30:00,2023-11-24 16:10:00,23,NA,NA,"VR2W",69,131524,"MAP-115",NA,NA,NA,"No","HAMLO","No","2022",TRUE
"14","HAM-004","HAM",4,10,NA,NA,43.28667,-79.84556,NA,NA,2023-12-01 17:35:00,2024-11-18 15:24:00,23,NA,NA,"VR2W",69,131524,"Generation-2",NA,NA,NA,"No","HAMLO","No","2023",TRUE
"15","HAM-004","HAM",4,11,NA,NA,43.28667,-79.84556,NA,NA,2024-12-09 17:45:00,2025-11-25 14:00:00,23,NA,NA,"VR2W",69,131524,"Generation-2",NA,NA,NA,"No","HAMLO","No","2024",TRUE
"16","HAM-005","HAM",5,9,NA,NA,43.28133,-79.86433,NA,NA,2022-06-09 18:45:00,2023-07-10 15:28:00,15.3,NA,NA,"VR2AR",69,549109,"MAP-115",NA,NA,NA,"No","HAMLO","No","2022",TRUE
"17","HAM-005","HAM",5,10,NA,NA,43.28102,-79.86579,NA,NA,2023-07-10 15:35:00,2024-06-13 15:03:00,13.6,NA,NA,"VR2AR",69,549114,"Generation-2",NA,NA,NA,"No","HAMLO","No","2023",TRUE
"18","HAM-005","HAM",5,11,NA,NA,43.28102,-79.86579,NA,NA,2024-06-13 15:06:00,2025-07-10 14:27:00,13.8,NA,NA,"VR2AR",69,548282,"Generation-2",NA,NA,NA,"No","HAMLO","No","2024",TRUE
"19","HAM-005","HAM",5,12,NA,NA,43.28102,-79.86579,NA,NA,2025-07-10 14:33:00,2025-10-21 14:33:00,13.6,1.5,NA,"VR2AR",69,549115,"Generation-2",NA,NA,NA,"No","HAMLO","No","2025",TRUE
"20","HAM-006","HAM",6,9,NA,NA,43.30664,-79.80837,NA,NA,2021-11-10 15:40:00,2022-11-17 16:27:00,8.2,NA,NA,"VR2W",69,127850,"MAP-113",NA,NA,NA,"No","HAMLO","No","2021",TRUE
"21","HAM-007","HAM",7,9,NA,NA,43.30139,-79.83972,NA,NA,2021-10-20 17:50:00,2022-11-17 16:05:00,10.2,NA,NA,"VR2W",69,126879,"MAP-114",NA,NA,NA,"No","HAMLO","No","2021",TRUE
"22","HAM-007","HAM",7,10,NA,NA,43.30139,-79.83917,NA,NA,2022-11-29 16:35:00,2023-12-01 16:00:00,9,NA,NA,"VR2W",69,126879,"MAP-115",NA,NA,NA,"No","HAMLO","No","2022",TRUE
"23","HAM-007","HAM",7,11,NA,NA,43.30145,-79.83985,NA,NA,2023-12-05 15:00:00,2024-12-03 16:30:00,8.8,NA,NA,"VR2W",69,126879,"Generation-2",NA,NA,NA,"No","HAMLO","No","2023",TRUE
"24","HAM-009","HAM",9,11,NA,NA,43.28036,-79.80383,NA,NA,2021-10-27 15:00:00,2022-09-15 17:57:00,13,NA,NA,"VR2W",69,127827,"MAP-114",NA,NA,NA,"No","HAMLO","No","2021",TRUE
"25","HAM-009","HAM",9,12,NA,NA,43.28036,-79.80383,NA,NA,2022-09-15 17:57:00,2023-08-16 14:57:00,13,NA,NA,"VR2W",69,127827,"MAP-115",NA,NA,NA,"No","HAMLO","No","2022",TRUE
"26","HAM-010","HAM",10,6,NA,NA,43.26856,-79.7815,NA,NA,2022-06-15 13:30:00,2022-11-08 15:30:00,2,NA,NA,"VR2W",69,131523,"MAP-115",NA,NA,NA,"Yes","HAMLO","No","2022",TRUE
"27","HAM-011","HAM",11,8,NA,NA,43.2773,-79.8669,NA,NA,2022-09-07 17:27:00,2023-09-14 16:58:00,12.6,NA,NA,"VR2W",69,119711,"MAP-115","error 1 initialization occurred between deploy and recover",NA,NA,"No","HAMLO","No","2022",TRUE
"28","HAM-011","HAM",11,9,NA,NA,43.2773,-79.8669,NA,NA,2023-09-14 17:32:00,2024-07-31 13:55:00,NA,NA,NA,"VR2W",69,119711,"MAP-115",NA,NA,NA,"No","HAMLO","No","2023",TRUE
"29","HAM-011","HAM",11,10,NA,NA,43.2773,-79.8669,NA,NA,2024-07-31 13:58:00,2025-08-01 12:50:00,NA,NA,NA,"VR2W",69,119711,"Generation-2",NA,NA,NA,"No","HAMLO","No","2024",TRUE
"30","HAM-011","HAM",11,11,NA,NA,43.2773,-79.8669,NA,NA,2025-08-01 13:14:00,2025-11-19 17:18:00,12,3.2,NA,"VR2W",69,119711,"Generation-2","error 1 initialization occurred between deploy and recover",NA,NA,"No","HAMLO","No","2025",TRUE
"31","HAM-012","HAM",12,11,NA,NA,43.30048,-79.80591,NA,NA,2022-09-15 19:10:00,2023-08-22 18:30:00,8,NA,NA,"VR2W",69,131525,"MAP-115",NA,NA,NA,"No","HAMLO","No","2022",TRUE
"32","HAM-013","HAM",13,10,NA,NA,43.29691,-79.80157,NA,NA,2022-09-13 16:31:00,2023-08-22 18:55:00,10,NA,NA,"VR2W",69,119681,"MAP-115",NA,NA,NA,"No","HAMLO","No","2022",TRUE
"33","HAM-013","HAM",13,11,NA,NA,43.29691,-79.80157,NA,NA,2023-08-22 19:30:00,2024-08-08 16:23:00,NA,NA,NA,"VR2W",69,131525,"MAP-115",NA,NA,NA,"No","HAMLO","No","2023",TRUE
"34","HAM-015","HAM",15,10,NA,NA,43.29365,-79.85536,NA,NA,2022-06-09 19:29:00,2023-07-11 13:20:00,7.8,NA,NA,"VR2AR",69,548257,"MAP-115",NA,NA,NA,"No","HAMLO","No","2022",TRUE
"35","HAM-015","HAM",15,11,NA,NA,43.29365,-79.85536,NA,NA,2023-07-11 13:22:00,2024-06-13 14:25:00,6.6,NA,NA,"VR2AR",69,548265,"Generation-2",NA,NA,NA,"No","HAMLO","No","2023",TRUE
"36","HAM-015","HAM",15,12,NA,NA,43.29365,-79.85536,NA,NA,2024-06-13 14:34:00,2025-07-10 14:16:00,7,NA,NA,"VR2AR",69,548706,"Generation-2",NA,NA,NA,"No","HAMLO","No","2024",TRUE
"37","HAM-015","HAM",15,13,NA,NA,43.29365,-79.85536,NA,NA,2025-07-10 14:21:00,2025-10-21 13:04:00,6.4,1.5,NA,"VR2AR",69,552978,"Generation-2",NA,NA,NA,"No","HAMLO","No","2025",TRUE
"38","HAM-017","HAM",17,10,NA,NA,43.29488,-79.82113,NA,NA,2022-06-09 13:37:00,2023-07-11 14:20:00,18.8,NA,NA,"VR2AR",69,548283,"MAP-115",NA,NA,NA,"No","HAMLO","No","2022",TRUE
"39","HAM-017","HAM",17,11,NA,NA,43.29468,-79.8297,NA,NA,2023-07-11 14:30:00,2024-06-13 14:17:00,19.5,NA,NA,"VR2AR",69,548706,"Generation-2",NA,NA,NA,"No","HAMLO","No","2023",TRUE
"40","HAM-017","HAM",17,12,NA,NA,43.29468,-79.8297,NA,NA,2024-06-13 14:19:00,2025-07-10 13:48:00,7,NA,NA,"VR2AR",69,549115,"Generation-2",NA,NA,NA,"No","HAMLO","No","2024",TRUE
"41","HAM-017","HAM",17,13,NA,NA,43.29468,-79.8297,NA,NA,2025-07-10 13:51:00,2025-10-21 12:56:00,19.4,1.5,NA,"VR2AR",69,545560,"Generation-2",NA,NA,NA,"No","HAMLO","No","2025",TRUE
"42","HAM-018","HAM",18,10,NA,NA,43.27267,-79.878,NA,NA,2022-06-09 19:12:00,2023-06-23 17:00:00,6.9,NA,NA,"VR2AR",69,548243,"MAP-115",NA,NA,NA,"No","HAMLO","No","2022",TRUE
"43","HAM-019","HAM",19,9,NA,NA,43.27811,-79.85158,NA,NA,2021-11-09 19:37:00,2022-11-14 19:52:00,18,NA,NA,"VR2W",69,127847,"MAP-114",NA,NA,NA,"No","HAMLO","No","2021",TRUE
"44","HAM-021","HAM",21,9,NA,NA,43.28578,-79.82647,NA,NA,2022-06-09 18:05:00,2023-07-10 15:02:00,18.6,NA,NA,"VR2AR",69,549107,"MAP-115",NA,NA,NA,"No","HAMLO","No","2022",TRUE
"45","HAM-021","HAM",21,10,NA,NA,43.28578,-79.82647,NA,NA,2023-07-10 15:10:00,2024-06-13 14:00:00,16.9,NA,NA,"VR2AR",69,549115,"Generation-2",NA,NA,NA,"No","HAMLO","No","2023",TRUE
"46","HAM-021","HAM",21,11,NA,NA,43.28578,-79.82647,NA,NA,2024-06-13 14:10:00,2025-07-10 14:00:00,15,NA,NA,"VR2AR",69,552973,"Generation-2",NA,NA,NA,"No","HAMLO","No","2024",TRUE
"47","HAM-021","HAM",21,12,NA,NA,43.28578,-79.82647,NA,NA,2025-07-10 14:03:00,NA,18,1.5,NA,"VR2AR",69,548276,NA,"code map not available (receiver currently deployed)",NA,NA,"No","HAMLO","No","2025",TRUE
"48","HAM-022","HAM",22,11,NA,NA,43.30235,-79.79037,NA,NA,2022-06-09 17:32:00,2023-08-14 19:44:00,6.6,NA,NA,"VR2AR",69,549116,"MAP-115",NA,NA,NA,"No","HAMLO","No","2022",TRUE
"49","HAM-022","HAM",22,12,NA,NA,43.30235,-79.79037,NA,NA,2023-08-14 19:52:00,2024-06-26 18:50:00,5.6,NA,NA,"VR2AR",69,548631,"Generation-2",NA,NA,NA,"No","HAMLO","No","2023",TRUE
"50","HAM-022","HAM",22,13,NA,NA,43.30235,-79.79037,NA,NA,2024-06-26 18:53:00,2025-07-30 19:01:00,6,NA,NA,"VR2AR",69,548275,"Generation-2",NA,NA,NA,"No","HAMLO","No","2024",TRUE
"51","HAM-022","HAM",22,14,NA,NA,43.30235,-79.79037,NA,NA,2025-07-30 19:03:00,NA,6.6,1.5,NA,"VR2AR",69,552917,NA,"code map not available (receiver currently deployed)",NA,NA,"No","HAMLO","No","2025",TRUE
"52","HAM-023","HAM",23,11,NA,NA,43.28569,-79.86764,NA,NA,2022-06-09 18:58:00,2023-07-11 13:37:00,9.1,NA,NA,"VR2AR",69,547990,"MAP-115",NA,NA,NA,"No","HAMLO","No","2022",TRUE
"53","HAM-023","HAM",23,12,NA,NA,43.28569,-79.86764,NA,NA,2023-07-11 13:46:00,2024-06-13 14:45:00,10.2,NA,NA,"VR2AR",69,548282,"Generation-2",NA,NA,NA,"No","HAMLO","No","2023",TRUE
"54","HAM-023","HAM",23,13,NA,NA,43.28569,-79.86764,NA,NA,2024-06-13 14:50:00,2025-07-10 14:53:00,6.7,NA,NA,"VR2AR",69,548265,"Generation-2",NA,NA,NA,"No","HAMLO","No","2024",TRUE
"55","HAM-023","HAM",23,14,NA,NA,43.28569,-79.86764,NA,NA,2025-07-10 14:56:00,2025-10-21 13:35:00,5.4,1.5,NA,"VR2AR",69,548282,"Generation-2",NA,NA,NA,"No","HAMLO","No","2025",TRUE
"56","HAM-025","HAM",25,10,NA,NA,43.30969,-79.81158,NA,NA,2022-06-09 13:24:00,2023-07-11 12:47:00,6.1,NA,NA,"VR2AR",69,548706,"MAP-115",NA,NA,NA,"No","HAMLO","No","2022",TRUE
"57","HAM-025","HAM",25,11,NA,NA,43.30969,-79.81158,NA,NA,2023-07-11 12:51:00,2024-06-12 13:49:00,5,NA,NA,"VR2AR",69,548251,"Generation-2",NA,NA,NA,"No","HAMLO","No","2023",TRUE
"58","HAM-025","HAM",25,12,NA,NA,43.30969,-79.81158,NA,NA,2024-06-12 13:59:00,2025-07-10 13:33:00,5.1,NA,NA,"VR2AR",69,552978,"Generation-2",NA,NA,NA,"No","HAMLO","No","2024",TRUE
"59","HAM-025","HAM",25,13,NA,NA,43.30969,-79.81158,NA,NA,2025-07-10 13:40:00,NA,4.9,1.5,NA,"VR2AR",69,552899,NA,"code map not available (receiver currently deployed)",NA,NA,"No","HAMLO","No","2025",TRUE
"60","HAM-027","HAM",27,9,NA,NA,43.27361,-79.87139,NA,NA,2022-07-07 18:35:00,2022-11-17 14:55:00,11.6,NA,NA,"VR2W",69,124715,"MAP-115",NA,NA,NA,"No","HAMLO","No","2022",TRUE
"61","HAM-027","HAM",27,11,NA,NA,43.27861,-79.87556,NA,NA,2023-12-01 16:25:00,2024-12-02 16:30:00,10,NA,NA,"VR2W",69,124715,"Generation-2",NA,NA,NA,"No","HAMLO","No","2023",TRUE
"62","HAM-027","HAM",27,12,NA,NA,43.27861,-79.87556,NA,NA,2024-12-09 16:43:00,2025-11-25 14:00:00,11.4,NA,NA,"VR2W",69,124715,"Generation-2",NA,NA,NA,"No","HAMLO","No","2024",TRUE
"63","HAM-028","HAM",28,9,NA,NA,43.27556,-79.88194,NA,NA,2021-10-27 20:05:00,2022-11-17 15:26:00,7.8,NA,NA,"VR2W",69,126878,"MAP-114",NA,NA,NA,"No","HAMLO","No","2021",TRUE
"64","HAM-028","HAM",28,10,NA,NA,43.27556,-79.88082,NA,NA,2022-11-29 15:30:00,2023-12-01 15:00:00,8,NA,NA,"VR2W",69,126878,"MAP-115",NA,NA,NA,"No","HAMLO","No","2022",TRUE
"65","HAM-028","HAM",28,11,NA,NA,43.27508,-79.88077,NA,NA,2023-12-05 15:45:00,2024-12-03 15:55:00,8,NA,NA,"VR2W",69,126878,"Generation-2",NA,NA,NA,"No","HAMLO","No","2023",TRUE
"66","HAM-028","HAM",28,12,NA,NA,43.27508,-79.88077,NA,NA,2024-12-09 05:07:00,2025-11-25 14:00:00,8,NA,NA,"VR2W",69,126878,"Generation-2",NA,NA,NA,"No","HAMLO","No","2024",TRUE
"67","HAM-029","HAM",29,8,NA,NA,43.28936,-79.88731,NA,NA,2022-04-05 20:00:00,2022-09-28 18:57:00,1,NA,NA,"VR2W",69,132818,"MAP-115",NA,NA,NA,"No","HAMLO","No","2022",TRUE
"68","HAM-029","HAM",29,10,NA,NA,43.28936,-79.88731,NA,NA,2023-04-04 18:22:00,2023-12-20 18:20:00,1,NA,NA,"VR2W",69,132818,"MAP-115",NA,NA,NA,"No","HAMLO","No","2023",TRUE
"69","HAM-029","HAM",29,12,NA,NA,43.28936,-79.88731,NA,NA,2024-03-07 21:30:00,2024-08-22 13:37:00,1,NA,NA,"VR2W",69,481683,"Generation-2",NA,NA,NA,"No","HAMLO","No","2024",TRUE
"70","HAM-029","HAM",29,14,NA,NA,43.28936,-79.88731,NA,NA,2025-04-11 19:06:00,2025-09-26 13:53:00,1.2,NA,NA,"VR2W-Tx",69,481801,"Generation-2",NA,NA,NA,"No","HAMLO","No","2025",TRUE
"71","HAM-030","HAM",30,9,NA,NA,43.27192,-79.92519,NA,NA,2022-10-18 16:13:00,2023-10-06 18:20:00,NA,NA,NA,"VR2W",69,132999,"MAP-115",NA,NA,NA,"No","HAMLO","No","2022",TRUE
"72","HAM-030","HAM",30,10,NA,NA,43.27192,-79.92519,NA,NA,2023-10-06 18:25:00,2024-10-31 14:30:00,NA,NA,NA,"VR2W",69,127828,"MAP-115",NA,NA,NA,"No","HAMLO","No","2023",TRUE
"73","HAM-030","HAM",30,11,NA,NA,43.27192,-79.92519,NA,NA,2024-10-31 14:35:00,2025-10-02 14:30:00,NA,NA,NA,"VR2W",69,127828,"MAP-115",NA,NA,NA,"No","HAMLO","No","2024",TRUE
"74","HAM-032","HAM",32,10,NA,NA,43.27973,-79.89346,NA,NA,2022-09-28 14:00:00,2023-10-06 17:20:00,1.9,NA,NA,"VR2W",69,127839,"MAP-115","error 1 initialization occurred between deploy and recover",NA,NA,"No","HAMLO","No","2022",TRUE
"75","HAM-032","HAM",32,11,NA,NA,43.27973,-79.89346,NA,NA,2023-10-06 17:25:00,2024-10-31 12:52:00,NA,NA,NA,"VR2W",69,131523,"MAP-115",NA,NA,NA,"No","HAMLO","No","2023",TRUE
"76","HAM-032","HAM",32,12,NA,NA,43.27973,-79.89346,NA,NA,2024-10-31 12:55:00,2025-10-02 17:00:00,1.85,NA,NA,"VR2W",69,131523,"Generation-2","error 1 initialization occurred between deploy and recover",NA,NA,"No","HAMLO","No","2024",TRUE
"77","HAM-032","HAM",32,13,NA,NA,43.27973,-79.89346,NA,NA,2025-10-02 17:05:00,NA,1.85,NA,NA,"VR2W",69,131523,NA,"code map not available (receiver currently deployed)",NA,NA,"No","HAMLO","No","2025",TRUE
"78","HAM-033","HAM",33,6,NA,NA,43.29208,-79.88394,NA,NA,2022-04-05 18:30:00,2022-09-28 18:20:00,0.8,NA,NA,"VR2W",69,127828,"MAP-115",NA,NA,NA,"No","HAMLO","No","2022",TRUE
"79","HAM-033","HAM",33,8,NA,NA,43.29215,-79.88395,NA,NA,2023-04-04 18:40:00,2023-12-20 18:50:00,NA,NA,NA,"VR2W-Tx",69,487629,"Generation 2 Generation-2",NA,NA,NA,"No","HAMLO","No","2023",TRUE
"80","HAM-033","HAM",33,10,NA,NA,43.29215,-79.88395,NA,NA,2024-03-07 18:45:00,2024-08-22 15:25:00,0.7,NA,NA,"VR2W-Tx",69,487630,"Generation-2",NA,NA,NA,"No","HAMLO","No","2024",TRUE
"81","HAM-033","HAM",33,12,NA,NA,43.29215,-79.88395,NA,NA,2025-08-28 15:25:00,NA,0.7,NA,NA,"VR2W-Tx",69,487630,NA,"code map not available (receiver currently deployed)",NA,NA,"No","HAMLO","No","2025",TRUE
"82","HAM-034","HAM",34,11,NA,NA,43.27142,-79.80812,NA,NA,2022-09-15 18:13:00,2023-08-16 15:25:00,1.6,NA,NA,"VR2W",69,121993,"MAP-115",NA,NA,NA,"No","HAMLO","No","2022",TRUE
"83","HAM-034","HAM",34,12,NA,NA,43.27142,-79.80812,NA,NA,2023-08-16 15:25:00,2024-08-08 15:20:00,NA,NA,NA,"VR2W",69,121993,"MAP-115",NA,NA,NA,"No","HAMLO","No","2023",TRUE
"84","HAM-034","HAM",34,13,NA,NA,43.27142,-79.80812,NA,NA,2024-08-08 15:40:00,2025-08-06 15:50:00,NA,NA,NA,"VR2W",69,121993,"Generation-2",NA,NA,NA,"No","HAMLO","No","2024",TRUE
"85","HAM-034","HAM",34,14,NA,NA,43.27142,-79.80812,NA,NA,2025-08-06 15:50:00,NA,1.2,0.3,NA,"VR2W",69,121993,NA,"code map not available (receiver currently deployed)",NA,NA,"No","HAMLO","No","2025",TRUE
"86","HAM-035","HAM",35,7,NA,NA,43.26231,-79.77232,NA,NA,2022-10-18 14:59:00,2023-10-06 19:35:00,2,NA,NA,"VR2W",69,131522,"MAP-115","error 1 initialization occurred between deploy and recover",NA,NA,"No","HAMLO","No","2022",FALSE
"87","HAM-035","HAM",35,8,NA,NA,43.26231,-79.77232,NA,NA,2023-10-06 19:35:00,2024-09-03 18:30:00,NA,NA,NA,"VR2W",69,137956,"Generation-2",NA,NA,NA,"No","HAMLO","No","2023",FALSE
"88","HAM-035","HAM",35,9,NA,NA,43.26231,-79.77232,NA,NA,2024-09-03 18:35:00,2025-08-28 14:00:00,2,NA,NA,"VR2W",69,137956,"Generation-2",NA,NA,NA,"No","HAMLO","No","2024",FALSE
"89","HAM-035","HAM",35,10,NA,NA,43.26231,-79.77232,NA,NA,2025-08-28 14:10:00,NA,2,NA,NA,"VR2W",69,137956,NA,"code map not available (receiver currently deployed)",NA,NA,"No","HAMLO","No","2025",FALSE
"90","HAM-036","HAM",36,11,NA,NA,43.27139,-79.8695,NA,NA,2022-08-03 01:13:00,2023-09-14 16:01:00,NA,NA,NA,"VR2W",69,131493,"MAP-114","error 1 initialization occurred between deploy and recover",NA,NA,"No","HAMLO","No","2022",TRUE
"91","HAM-036","HAM",36,12,NA,NA,43.27139,-79.8695,NA,NA,2023-09-14 16:22:00,2024-09-03 19:05:00,NA,NA,NA,"VR2W",69,131493,"MAP-114",NA,NA,NA,"No","HAMLO","No","2023",TRUE
"92","HAM-036","HAM",36,13,NA,NA,43.27139,-79.8695,NA,NA,2024-09-03 19:08:00,2025-08-01 15:30:00,NA,NA,NA,"VR2W",69,131493,"Generation-2","error 1 initialization occurred between deploy and recover",NA,NA,"No","HAMLO","No","2024",TRUE
"93","HAM-036","HAM",36,14,NA,NA,43.27139,-79.8695,NA,NA,2025-08-01 15:30:00,2025-11-19 18:30:00,2.7,0.5,NA,"VR2W",69,131493,"Generation-2",NA,NA,NA,"No","HAMLO","No","2025",TRUE
"94","HAM-037","HAM",37,6,NA,NA,43.2789,-79.88599,NA,NA,2021-11-09 19:17:00,2022-11-14 18:40:00,4.9,NA,NA,"VR2W",69,119693,"MAP-114",NA,NA,NA,"No","HAMLO","No","2021",TRUE
"95","HAM-037","HAM",37,7,NA,NA,43.2789,-79.88599,NA,NA,2022-11-23 16:15:00,2023-12-01 15:30:00,4.9,NA,NA,"VR2W",69,119693,"MAP-115",NA,NA,NA,"No","HAMLO","No","2022",TRUE
"96","HAM-037","HAM",37,8,NA,NA,43.27886,-79.88536,NA,NA,2023-12-05 16:15:00,2025-06-10 15:10:00,4.9,NA,NA,"VR2W",69,119693,"Generation-2",NA,NA,NA,"No","HAMLO","No","2023",TRUE
"97","HAM-039","HAM",39,8,NA,NA,43.28176,-79.85158,NA,NA,2022-06-09 18:31:00,2023-06-23 16:45:00,19.7,NA,NA,"VR2AR",69,547996,"MAP-115",NA,NA,NA,"No","HAMLO","No","2022",TRUE
"98","HAM-041","HAM",41,9,NA,NA,43.2767,-79.83893,NA,NA,2022-09-15 17:28:00,2023-08-16 15:50:00,NA,NA,NA,"VR2W",69,133001,"MAP-115",NA,NA,NA,"No","HAMLO","No","2022",TRUE
"99","HAM-041","HAM",41,10,NA,NA,43.2767,-79.83893,NA,NA,2023-08-16 15:50:00,2024-08-23 15:30:00,NA,NA,NA,"VR2W",69,133001,"MAP-115",NA,NA,NA,"No","HAMLO","No","2023",TRUE
"100","HAM-041","HAM",41,11,NA,NA,43.2767,-79.83893,NA,NA,2024-08-23 15:35:00,2025-08-06 17:00:00,NA,NA,NA,"VR2W",69,133001,"Generation-2","error 1 initialization occurred between deploy and recover",NA,NA,"No","HAMLO","No","2024",TRUE
"101","HAM-041","HAM",41,12,NA,NA,43.2767,-79.83893,NA,NA,2025-08-06 17:05:00,2025-11-19 17:55:00,NA,NA,NA,"VR2W",69,133001,"Generation-2",NA,NA,NA,"No","HAMLO","No","2025",TRUE
"102","HAM-042","HAM",42,7,NA,NA,43.26864,-79.93536,NA,NA,2023-04-28 16:13:00,2024-03-27 14:30:00,1.56,NA,NA,"VR2W",69,127850,"MAP-115",NA,NA,NA,"No","HAMLO","No","2023",TRUE
"103","HAM-042","HAM",42,8,NA,NA,43.26864,-79.93536,NA,NA,2024-03-27 14:33:00,2024-10-31 13:46:00,1.1,NA,NA,"VR2W",69,127850,"Generation-2","error 1 initialization occurred between deploy and recover",NA,NA,"No","HAMLO","No","2024",TRUE
"104","HAM-043","HAM",43,7,NA,NA,43.27957,-79.8915,NA,NA,2022-09-15 16:38:00,2023-08-16 19:06:00,2,NA,NA,"VR2W",69,121999,"MAP-115","error 1 initialization occurred between deploy and recover",NA,NA,"No","HAMLO","No","2022",TRUE
"105","HAM-043","HAM",43,8,NA,NA,43.27957,-79.8915,NA,NA,2023-08-16 19:06:00,2024-08-27 14:51:00,NA,NA,NA,"VR2W",69,121999,"MAP-115",NA,NA,NA,"No","HAMLO","No","2023",TRUE
"106","HAM-043","HAM",43,9,NA,NA,43.27957,-79.8915,NA,NA,2024-08-27 14:54:00,2025-08-01 16:00:00,NA,NA,NA,"VR2W",69,121999,"Generation-2",NA,NA,NA,"No","HAMLO","No","2024",TRUE
"107","HAM-043","HAM",43,10,NA,NA,43.27957,-79.8915,NA,NA,2025-08-01 16:00:00,NA,1,NA,0.3,"VR2W",69,121999,NA,"code map not available (receiver currently deployed)",NA,NA,"No","HAMLO","No","2025",TRUE
"108","HAM-044","HAM",44,6,NA,NA,43.27597,-79.90658,NA,NA,2023-04-28 15:50:00,2023-10-05 17:14:00,0.96,NA,NA,"VR2W",69,127840,"MAP-115",NA,NA,NA,"Yes","HAMLO","No","2023",TRUE
"109","HAM-044","HAM",44,7,NA,NA,43.27725,-79.90494,NA,NA,2024-03-13 18:47:00,2024-09-04 14:19:00,0.41,NA,NA,"VR2W-Tx",69,481801,"Generation-2",NA,NA,NA,"Yes","HAMLO","No","2024",TRUE
"110","HAM-044","HAM",44,8,NA,NA,43.27636,-79.90489,NA,NA,2025-04-25 14:45:00,2025-09-02 18:49:00,0.75,NA,0.3,"VR2W-Tx",69,481799,"Generation-2",NA,NA,NA,"Yes","HAMLO","No","2025",TRUE
"111","HAM-045","HAM",45,6,NA,NA,43.3046,-79.80238,NA,NA,2022-09-01 15:45:00,2023-09-14 15:25:00,1.2,NA,NA,"VR2W",69,127829,"MAP-115",NA,NA,NA,"No","HAMLO","No","2022",TRUE
"112","HAM-045","HAM",45,7,NA,NA,43.3046,-79.80238,NA,NA,2025-07-03 14:45:00,2025-11-25 16:30:00,NA,NA,NA,"VR2W",69,132999,"Generation-2",NA,NA,NA,"No","HAMLO","No","2025",TRUE
"113","HAM-046","HAM",46,8,NA,NA,43.30771,-79.82588,NA,NA,2022-09-15 18:34:00,2023-08-16 14:20:00,2,NA,NA,"VR2W",69,132997,"MAP-115",NA,NA,NA,"No","HAMLO","No","2022",TRUE
"114","HAM-046","HAM",46,9,NA,NA,43.30771,-79.82588,NA,NA,2023-08-16 14:20:00,2024-08-23 16:30:00,NA,NA,NA,"VR2W",69,132997,"MAP-115",NA,NA,NA,"No","HAMLO","No","2023",TRUE
"115","HAM-046","HAM",46,10,NA,NA,43.30771,-79.82588,NA,NA,2024-08-23 16:34:00,2025-06-21 04:00:00,NA,NA,NA,"VR2W",69,132997,"Generation-2","error 1 initialization occurred between deploy and recover",NA,NA,"No","HAMLO","No","2024",TRUE
"116","HAM-046","HAM",46,11,NA,NA,43.30771,-79.82588,NA,NA,2025-08-07 14:20:00,2025-11-25 16:15:00,1.9,0.9,1,"VR2W",69,121988,"Generation-2",NA,NA,NA,"No","HAMLO","No","2025",TRUE
"117","HAM-047","HAM",47,7,NA,NA,43.30267,-79.83991,NA,NA,2022-09-15 18:47:00,2023-08-16 14:20:00,1.5,NA,NA,"VR2W",69,121988,"MAP-115",NA,NA,NA,"No","HAMLO","No","2022",TRUE
"118","HAM-047","HAM",47,8,NA,NA,43.30267,-79.83991,NA,NA,2023-08-16 17:27:00,2024-08-23 16:11:00,NA,NA,NA,"VR2W",69,121988,"MAP-115",NA,NA,NA,"No","HAMLO","No","2023",TRUE
"119","HAM-047","HAM",47,9,NA,NA,43.30267,-79.83991,NA,NA,2024-08-23 16:14:00,2025-04-01 14:30:00,NA,NA,NA,"VR2W",69,121988,"Generation-2","error 1 initialization occurred between deploy and recover",NA,NA,"No","HAMLO","No","2024",TRUE
"120","HAM-047","HAM",47,10,NA,NA,43.30267,-79.83991,NA,NA,2025-07-03 15:22:00,2025-11-19 18:17:00,NA,NA,NA,"VR2W",69,121991,"Generation-2",NA,NA,NA,"No","HAMLO","No","2025",TRUE
"121","HAM-048","HAM",48,7,NA,NA,43.27311,-79.88506,NA,NA,2022-09-15 17:08:00,2023-08-16 19:59:00,2.5,NA,NA,"VR2W",69,132820,"MAP-115",NA,NA,NA,"No","HAMLO","No","2022",TRUE
"122","HAM-051","HAM",51,7,NA,NA,43.26976,-79.87317,NA,NA,2022-09-09 18:16:00,2023-09-14 16:33:00,3.2,NA,NA,"VR2W",69,121991,"MAP-115",NA,NA,NA,"No","HAMLO","No","2022",TRUE
"123","HAM-051","HAM",51,8,NA,NA,43.26976,-79.87317,NA,NA,2023-09-14 16:50:00,2024-07-31 17:20:00,NA,NA,NA,"VR2W",69,121991,"MAP-115",NA,NA,NA,"No","HAMLO","No","2023",TRUE
"124","HAM-051","HAM",51,9,NA,NA,43.26976,-79.87317,NA,NA,2024-07-31 17:22:00,2025-04-25 14:30:00,NA,NA,NA,"VR2W",69,121991,"Generation-2","error 1 initialization occurred between deploy and recover",NA,NA,"No","HAMLO","No","2024",TRUE
"125","HAM-051","HAM",51,10,NA,NA,43.26976,-79.87317,NA,NA,2025-07-03 16:30:00,2025-11-19 18:39:00,NA,NA,NA,"VR2W",69,132818,"Generation-2",NA,NA,NA,"No","HAMLO","No","2025",TRUE
"126","HAM-053","HAM",53,8,NA,NA,43.2759,-79.86333,NA,NA,2022-09-08 19:10:00,2023-09-14 18:19:00,6.3,NA,NA,"VR2W",69,133111,"MAP-115",NA,NA,NA,"No","HAMLO","No","2022",TRUE
"127","HAM-053","HAM",53,9,NA,NA,43.2759,-79.86333,NA,NA,2023-09-14 18:45:00,2024-07-31 14:45:00,NA,NA,NA,"VR2W",69,133111,"MAP-115",NA,NA,NA,"No","HAMLO","No","2023",TRUE
"128","HAM-053","HAM",53,10,NA,NA,43.2759,-79.86333,NA,NA,2024-07-31 14:48:00,2025-08-01 14:00:00,NA,NA,NA,"VR2W",69,133111,"Generation-2",NA,NA,NA,"No","HAMLO","No","2024",TRUE
"129","HAM-053","HAM",53,11,NA,NA,43.2759,-79.86333,NA,NA,2025-08-01 14:25:00,2025-11-19 17:35:00,7.2,NA,5.7,"VR2W",69,133111,"Generation-2",NA,NA,NA,"No","HAMLO","No","2025",TRUE
"130","HAM-058","HAM",58,6,NA,NA,43.31292,-79.8061,NA,NA,2022-09-01 15:25:00,2023-08-16 13:50:00,1.2,NA,NA,"VR2W",69,124717,"MAP-115",NA,NA,NA,"No","HAMLO","No","2022",TRUE
"131","HAM-058","HAM",58,7,NA,NA,43.31292,-79.8061,NA,NA,2023-08-16 13:50:00,2024-08-08 19:15:00,NA,NA,NA,"VR2W",69,124717,"MAP-115",NA,NA,NA,"No","HAMLO","No","2023",TRUE
"132","HAM-058","HAM",58,8,NA,NA,43.31292,-79.8061,NA,NA,2024-08-08 19:19:00,2025-08-01 16:20:00,NA,NA,NA,"VR2W",69,124717,"Generation-2",NA,NA,NA,"No","HAMLO","No","2024",TRUE
"133","HAM-058","HAM",58,9,NA,NA,43.31292,-79.8061,NA,NA,2025-08-01 16:30:00,NA,1.2,NA,0.3,"VR2W",69,124717,NA,"code map not available (receiver currently deployed)",NA,NA,"No","HAMLO","No","2025",TRUE
"134","HAM-059","HAM",59,3,NA,NA,43.29493,-79.87553,NA,NA,2022-04-05 17:45:00,2022-09-28 20:15:00,0.8,NA,NA,"VR2W",69,137955,"MAP-115",NA,NA,NA,"Yes","HAMLO","No","2022",FALSE
"135","HAM-059","HAM",59,4,NA,NA,43.29493,-79.87553,NA,NA,2023-04-04 20:45:00,2023-11-16 05:00:00,NA,NA,NA,"VR2W",69,127843,"MAP-115",NA,NA,NA,"Yes","HAMLO","No","2023",TRUE
"136","HAM-059","HAM",59,5,NA,NA,43.29493,-79.87553,NA,NA,2024-03-07 16:49:00,2024-08-26 17:38:00,0.6,NA,NA,"VR2W",69,127843,"Generation-2",NA,NA,NA,"Yes","HAMLO","No","2024",FALSE
"137","HAM-059","HAM",59,7,NA,NA,43.29493,-79.87553,NA,NA,2025-04-11 15:25:00,2025-08-28 17:13:00,1,0.75,0.15,"VR2W",69,119681,"Generation-2",NA,NA,NA,"Yes","HAMLO","No","2025",TRUE
"138","HAM-060","HAM",60,3,NA,NA,43.29026,-79.88512,NA,NA,2022-04-05 18:50:00,2022-09-28 18:49:00,0.7,NA,NA,"VR2W",69,127836,"MAP-115",NA,NA,NA,"Yes","HAMLO","No","2022",TRUE
"139","HAM-060","HAM",60,4,NA,NA,43.29029,-79.88518,NA,NA,2023-04-04 19:11:00,2023-11-21 18:30:00,NA,NA,NA,"VR2W-Tx",69,481721,"Generation 2",NA,NA,NA,"Yes","HAMLO","No","2023",TRUE
"140","HAM-061","HAM",61,3,NA,NA,43.29002,-79.88233,NA,NA,2022-04-05 18:00:00,2022-09-28 18:35:00,0.8,NA,NA,"VR2W",69,137956,"MAP-115",NA,NA,NA,"Yes","HAMLO","No","2022",TRUE
"141","HAM-061","HAM",61,4,NA,NA,43.29015,-79.88239,NA,NA,2023-04-04 17:55:00,2023-11-23 05:00:00,NA,NA,NA,"VR2W",69,137954,"Generation 2",NA,NA,NA,"Yes","HAMLO","No","2023",TRUE
"142","HAM-061","HAM",61,5,NA,NA,43.29,-79.88234,NA,NA,2024-03-07 18:18:00,2024-08-22 16:11:00,0.55,NA,NA,"VR2W",69,127847,"Generation-2",NA,NA,NA,"Yes","HAMLO","No","2024",TRUE
"143","HAM-061","HAM",61,7,NA,NA,43.28919,-79.88244,NA,NA,2025-04-11 17:21:00,2025-08-28 16:14:00,0.6,0.3,0.1,"VR2W",69,121998,"Generation-2",NA,NA,NA,"Yes","HAMLO","No","2025",TRUE
"144","HAM-062","HAM",62,3,NA,NA,43.29034,-79.8864,NA,NA,2022-04-05 19:20:00,2022-11-03 15:00:00,0.8,NA,NA,"VR2W",69,127840,"MAP-115",NA,NA,NA,"No","HAMLO","No","2022",TRUE
"145","HAM-062","HAM",62,4,NA,NA,43.29041,-79.88652,NA,NA,2023-04-04 19:15:00,2023-11-22 05:00:00,NA,NA,NA,"VR2W",69,127847,"MAP-115",NA,NA,NA,"Yes","HAMLO","No","2023",TRUE
"146","HAM-062","HAM",62,5,NA,NA,43.29042,-79.88627,NA,NA,2024-03-07 19:14:00,2024-11-18 05:00:00,0.85,NA,NA,"VR2W",69,107321,"Generation-2",NA,NA,NA,"Yes","HAMLO","No","2024",TRUE
"147","HAM-062","HAM",62,6,NA,NA,43.29044,-79.88634,NA,NA,2025-04-11 18:09:00,2025-09-26 13:35:00,1,0.5,0.3,"VR2W",69,133002,"Generation-2",NA,NA,NA,"Yes","HAMLO","No","2025",TRUE
"148","HAM-063","HAM",63,6,NA,NA,43.2822,-79.88451,NA,NA,2023-08-16 18:18:00,2024-08-23 14:26:00,NA,NA,NA,"VR2W",69,127827,"MAP-115","error 1 initialization occurred between deploy and recover",NA,NA,"No","HAMLO","No","2023",TRUE
"149","HAM-063","HAM",63,7,NA,NA,43.2822,-79.88451,NA,NA,2024-08-23 14:28:00,2025-08-01 15:50:00,1.5,NA,NA,"VR2W",69,127827,"Generation-2","error 1 initialization occurred between deploy and recover",NA,NA,"No","HAMLO","No","2024",TRUE
"150","HAM-063","HAM",63,8,NA,NA,43.2822,-79.88451,NA,NA,2025-08-01 16:00:00,2025-11-19 17:05:00,1.5,NA,NA,"VR2W",69,127827,"Generation-2",NA,NA,NA,"No","HAMLO","No","2025",TRUE
"151","HAM-066","HAM",66,3,NA,NA,43.29282,-79.88101,NA,NA,2022-04-05 16:50:00,2022-09-28 19:43:00,0.6,NA,NA,"VR2W",69,127843,"MAP-115",NA,NA,NA,"Yes","HAMLO","No","2022",TRUE
"152","HAM-066","HAM",66,4,NA,NA,43.29282,-79.88101,NA,NA,2023-04-04 19:35:00,2023-12-01 05:00:00,NA,NA,NA,"VR2W",69,133002,"MAP-115",NA,NA,NA,"Yes","HAMLO","No","2023",TRUE
"153","HAM-066","HAM",66,5,NA,NA,43.29283,-79.88119,NA,NA,2024-03-07 17:20:00,2024-08-26 16:30:00,0.2,NA,NA,"VR2W",69,133002,"Generation-2",NA,NA,NA,"Yes","HAMLO","No","2024",TRUE
"154","HAM-066","HAM",66,6,NA,NA,43.29282,-79.88116,NA,NA,2025-04-11 16:10:00,2025-08-28 14:55:00,0.4,NA,NA,"VR2W",69,127832,"Generation-2",NA,NA,NA,"Yes","HAMLO","No","2025",TRUE
"155","HAM-067","HAM",67,3,NA,NA,43.29422,-79.87928,NA,NA,2022-04-05 17:22:00,2022-09-28 20:09:00,0.8,NA,NA,"VR2W",69,137957,"MAP-115",NA,NA,NA,"No","HAMLO","No","2022",FALSE
"156","HAM-067","HAM",67,5,NA,NA,43.29422,-79.87928,NA,NA,2023-04-04 20:02:00,2023-11-21 19:20:00,NA,NA,NA,"VR2W",69,137957,"MAP-115",NA,NA,NA,"Yes","HAMLO","No","2023",FALSE
"157","HAM-067","HAM",67,6,NA,NA,43.29422,-79.87928,NA,NA,2024-03-07 16:18:00,2024-08-26 16:40:00,0.7,NA,NA,"VR2W",69,132999,"Generation-2",NA,NA,NA,"Yes","HAMLO","No","2024",TRUE
"158","HAM-067","HAM",67,8,NA,NA,43.29422,-79.87928,NA,NA,2025-04-11 14:55:00,2025-09-08 14:12:00,1.2,0.5,0.5,"VR2W",69,132820,"Generation-2",NA,NA,NA,"Yes","HAMLO","No","2025",TRUE
"159","HAM-068","HAM",68,1,NA,NA,43.28967,-79.88531,NA,NA,2022-04-05 19:45:00,2022-09-28 18:45:00,0.7,NA,NA,"VR2W",69,137954,"MAP-115",NA,NA,NA,"Yes","HAMLO","No","2022",TRUE
"160","HAM-068","HAM",68,2,NA,NA,43.28968,-79.88512,NA,NA,2023-04-04 18:01:00,2023-11-21 19:30:00,NA,NA,NA,"VR2W",69,119662,"MAP-115",NA,NA,NA,"Yes","HAMLO","No","2023",TRUE
"161","HAM-068","HAM",68,3,NA,NA,43.28972,-79.88528,NA,NA,2024-03-07 19:28:00,2024-08-22 14:12:00,0.6,NA,NA,"VR2W",69,119662,"Generation-2",NA,NA,NA,"Yes","HAMLO","No","2024",TRUE
"162","HAM-068","HAM",68,5,NA,NA,43.28975,-79.8852,NA,NA,2025-04-11 17:00:00,2025-09-26 13:35:00,0.8,0.3,0.3,"VR2W",69,105463,"Generation-2",NA,NA,NA,"Yes","HAMLO","No","2025",TRUE
"163","HAM-070","HAM",70,1,NA,NA,43.28605,-79.88826,NA,NA,2023-08-16 19:38:00,2024-08-23 15:07:00,NA,NA,NA,"VR2W",69,481800,"Generation-2",NA,NA,NA,"Yes","HAMLO","No","2023",TRUE
"164","HAM-070","HAM",70,2,NA,NA,43.28605,-79.88826,NA,NA,2024-08-23 15:09:00,2024-11-27 20:20:00,NA,NA,NA,"VR2W-Tx",69,481800,"Generation-2",NA,NA,NA,"Yes","HAMLO","No","2024",TRUE
"165","HAM-070","HAM",70,3,NA,NA,43.28721,-79.88798,NA,NA,2025-04-11 18:45:00,2025-09-26 14:46:00,0.75,NA,NA,"VR2W-Tx",69,487623,"Generation-2",NA,NA,NA,"Yes","HAMLO","No","2025",TRUE
"166","HAM-071","HAM",71,1,NA,NA,43.28121,-79.88821,NA,NA,2023-08-16 19:28:00,2024-06-13 17:57:00,NA,NA,NA,"VR2AR",69,549116,"Generation-2",NA,NA,NA,"No","HAMLO","No","2023",TRUE
"167","HAM-072","HAM",72,1,NA,NA,43.27815,-79.88745,NA,NA,2022-11-03 16:37:00,2023-07-10 16:13:00,NA,NA,NA,"VR2AR",69,548262,"MAP-115",NA,NA,NA,"No","HAMLO","No","2022",TRUE
"168","HAM-072","HAM",72,2,NA,NA,43.27815,-79.88745,NA,NA,2023-07-10 16:18:00,2024-06-13 17:30:00,4.3,NA,NA,"VR2AR",69,548254,"Generation-2",NA,NA,NA,"No","HAMLO","No","2023",TRUE
"169","HAM-072","HAM",72,3,NA,NA,43.27815,-79.88745,NA,NA,2024-06-13 17:48:00,2025-07-03 15:51:00,4.3,NA,NA,"VR2AR",69,548276,"Generation-2",NA,NA,NA,"No","HAMLO","No","2024",TRUE
"170","HAM-072","HAM",72,4,NA,NA,43.27815,-79.88745,NA,NA,2025-07-03 16:00:00,2025-10-21 14:44:00,4.3,1.5,NA,"VR2AR",69,549102,"Generation-2",NA,NA,NA,"No","HAMLO","No","2025",TRUE
"171","HAM-073","HAM",73,1,NA,NA,43.28003,-79.88284,NA,NA,2022-11-03 16:33:00,2023-07-10 16:25:00,NA,NA,NA,"VR2AR",69,548241,"MAP-115",NA,NA,NA,"No","HAMLO","No","2022",TRUE
"172","HAM-073","HAM",73,2,NA,NA,43.28003,-79.88284,NA,NA,2023-07-10 16:30:00,2024-06-13 17:20:00,6,NA,NA,"VR2AR",69,548276,"Generation-2",NA,NA,NA,"No","HAMLO","No","2023",TRUE
"173","HAM-073","HAM",73,3,NA,NA,43.28003,-79.88284,NA,NA,2024-06-13 17:28:00,2025-07-10 15:30:00,3.8,NA,NA,"VR2AR",69,548262,"Generation-2",NA,NA,NA,"No","HAMLO","No","2024",TRUE
"174","HAM-073","HAM",73,4,NA,NA,43.28003,-79.88284,NA,NA,2025-07-10 15:35:00,2025-10-21 14:35:00,5.4,1.5,NA,"VR2AR",69,548265,"Generation-2",NA,NA,NA,"No","HAMLO","No","2025",TRUE
"175","HAM-074","HAM",74,1,NA,NA,43.28268,-79.87783,NA,NA,2022-11-03 16:27:00,2023-07-10 16:37:00,NA,NA,NA,"VR2AR",69,548253,"MAP-115",NA,NA,NA,"No","HAMLO","No","2022",TRUE
"176","HAM-074","HAM",74,2,NA,NA,43.28268,-79.87783,NA,NA,2023-07-10 16:42:00,2024-06-13 17:09:00,9.4,NA,NA,"VR2AR",69,548262,"Generation-2",NA,NA,NA,"No","HAMLO","No","2023",TRUE
"177","HAM-074","HAM",74,3,NA,NA,43.28268,-79.87783,NA,NA,2024-06-13 17:12:00,2025-07-10 15:17:00,9.4,NA,NA,"VR2AR",69,548241,"Generation-2",NA,NA,NA,"No","HAMLO","No","2024",TRUE
"178","HAM-074","HAM",74,4,NA,NA,43.28268,-79.87783,NA,NA,2025-07-10 15:20:00,2025-10-21 14:28:00,9.4,1.5,NA,"VR2AR",69,549107,"Generation-2",NA,NA,NA,"No","HAMLO","No","2025",TRUE
"179","HAM-075","HAM",75,1,NA,NA,43.28577,-79.8707,NA,NA,2022-11-03 16:20:00,2023-07-10 17:00:00,NA,NA,NA,"VR2AR",69,548265,"MAP-115",NA,NA,NA,"No","HAMLO","No","2022",TRUE
"180","HAM-075","HAM",75,2,NA,NA,43.28577,-79.8707,NA,NA,2023-07-10 17:03:00,2024-06-27 19:33:00,4.4,NA,NA,"VR2AR",69,548253,"Generation-2",NA,NA,NA,"No","HAMLO","No","2023",TRUE
"181","HAM-075","HAM",75,3,NA,NA,43.28577,-79.8707,NA,NA,2024-06-27 19:36:00,2025-07-10 15:05:00,4.2,NA,NA,"VR2AR",69,548243,"Generation-2",NA,NA,NA,"No","HAMLO","No","2024",TRUE
"182","HAM-075","HAM",75,4,NA,NA,43.28577,-79.8707,NA,NA,2025-07-10 15:08:00,2025-10-21 13:42:00,4.3,1.5,NA,"VR2AR",69,552977,"Generation-2",NA,NA,NA,"No","HAMLO","No","2025",TRUE
"183","HAM-076","HAM",76,1,NA,NA,43.28368,-79.87139,NA,NA,2022-11-03 16:09:00,2023-07-10 16:49:00,NA,NA,NA,"VR2AR",69,548251,"MAP-115",NA,NA,NA,"No","HAMLO","No","2022",TRUE
"184","HAM-076","HAM",76,2,NA,NA,43.28368,-79.87139,NA,NA,2023-07-10 16:54:00,2024-06-13 16:40:00,12.8,NA,NA,"VR2AR",69,548241,"Generation-2",NA,NA,NA,"No","HAMLO","No","2023",TRUE
"185","HAM-076","HAM",76,3,NA,NA,43.28368,-79.87139,NA,NA,2024-06-13 16:50:00,2025-07-10 14:46:00,12.9,NA,NA,"VR2AR",69,549107,"Generation-2",NA,NA,NA,"No","HAMLO","No","2024",TRUE
"186","HAM-076","HAM",76,4,NA,NA,43.28368,-79.87139,NA,NA,2025-07-10 14:49:00,2025-10-21 13:46:00,12.7,1.5,NA,"VR2AR",69,548706,"Generation-2",NA,NA,NA,"No","HAMLO","No","2025",TRUE
"187","HAM-077","HAM",77,1,NA,NA,43.28064,-79.8693,NA,NA,2022-11-03 16:03:00,2023-07-10 15:42:00,NA,NA,NA,"VR2AR",69,548254,"MAP-115",NA,NA,NA,"No","HAMLO","No","2022",TRUE
"188","HAM-077","HAM",77,2,NA,NA,43.28064,-79.8693,NA,NA,2023-07-10 15:45:00,2024-06-13 16:27:00,13,NA,NA,"VR2AR",69,549107,"Generation-2",NA,NA,NA,"No","HAMLO","No","2023",TRUE
"189","HAM-077","HAM",77,3,NA,NA,43.28064,-79.8693,NA,NA,2024-06-13 16:33:00,2025-07-10 14:37:00,12.7,NA,NA,"VR2AR",69,552977,"Generation-2",NA,NA,NA,"No","HAMLO","No","2024",TRUE
"190","HAM-077","HAM",77,4,NA,NA,43.28064,-79.8693,NA,NA,2025-07-10 14:41:00,2025-10-21 13:55:00,12.8,1.5,NA,"VR2AR",69,552973,"Generation-2",NA,NA,NA,"No","HAMLO","No","2025",TRUE
"191","HAM-078","HAM",78,1,NA,NA,43.27774,-79.87807,NA,NA,2022-11-03 16:57:00,2023-07-10 15:56:00,NA,NA,NA,"VR2AR",69,548276,"MAP-115",NA,NA,NA,"No","HAMLO","No","2022",TRUE
"192","HAM-078","HAM",78,2,NA,NA,43.27774,-79.87807,NA,NA,2023-07-10 16:05:00,2024-06-26 14:38:00,10.1,NA,NA,"VR2AR",69,549109,"Generation-2",NA,NA,NA,"No","HAMLO","No","2023",TRUE
"193","HAM-078","HAM",78,3,NA,NA,43.27774,-79.87807,NA,NA,2024-06-26 14:47:00,2025-07-23 19:05:00,9.7,NA,NA,"VR2AR",69,548274,"Generation-2",NA,NA,NA,"No","HAMLO","No","2024",TRUE
"194","HAM-078","HAM",78,4,NA,NA,43.27774,-79.87807,NA,NA,2025-07-23 19:11:00,2025-10-21 14:22:00,9.9,1.5,NA,"VR2AR",69,552890,"Generation-2",NA,NA,NA,"No","HAMLO","No","2025",TRUE
"195","HAM-079","HAM",79,1,NA,NA,43.27475,-79.88547,NA,NA,2022-11-03 16:41:00,2023-06-23 17:36:00,NA,NA,NA,"VR2AR",69,548255,"MAP-115",NA,NA,NA,"No","HAMLO","No","2022",TRUE
"196","HAM-079","HAM",79,2,NA,NA,43.27447,-79.88546,NA,NA,2023-06-23 18:08:00,2024-06-26 13:02:00,4.8,NA,NA,"VR2AR",69,547996,"Generation-2",NA,NA,NA,"No","HAMLO","No","2023",TRUE
"197","HAM-079","HAM",79,3,NA,NA,43.27447,-79.88546,NA,NA,2024-06-26 13:13:00,2025-07-10 15:42:00,4,NA,NA,"VR2AR",69,552976,"Generation-2",NA,NA,NA,"No","HAMLO","No","2024",TRUE
"198","HAM-079","HAM",79,4,NA,NA,43.27447,-79.88546,NA,NA,2025-07-10 15:46:00,2025-10-21 14:50:00,4.5,1.5,NA,"VR2AR",69,548243,"Generation-2",NA,NA,NA,"No","HAMLO","No","2025",TRUE
"199","HAM-080","HAM",80,1,NA,NA,43.27191,-79.88202,NA,NA,2024-06-27 20:15:00,2025-07-23 19:49:00,4.6,NA,NA,"VR2AR",69,552974,"Generation-2",NA,NA,NA,"No","HAMLO","No","2024",TRUE
"200","HAM-080","HAM",80,2,NA,NA,43.27191,-79.88202,NA,NA,2025-07-23 19:49:00,2025-10-21 14:55:00,4.5,1.5,NA,"VR2AR",69,552971,"Generation-2",NA,NA,NA,"No","HAMLO","No","2025",TRUE
"201","HAM-081","HAM",81,1,NA,NA,43.2712,-79.87804,NA,NA,2023-07-11 14:50:00,2024-06-26 13:20:00,3.3,NA,NA,"VR2AR",69,552979,"Generation-2",NA,NA,NA,"No","HAMLO","No","2023",TRUE
"202","HAM-081","HAM",81,2,NA,NA,43.2712,-79.87804,NA,NA,2024-06-26 13:44:00,2025-07-23 14:02:00,3.1,NA,NA,"VR2AR",69,547996,"Generation-2",NA,NA,NA,"No","HAMLO","No","2024",TRUE
"203","HAM-081","HAM",81,3,NA,NA,43.2712,-79.87804,NA,NA,2025-07-23 14:12:00,2025-10-21 14:11:00,3,1.5,NA,"VR2AR",69,548241,"Generation-2",NA,NA,NA,"No","HAMLO","No","2025",TRUE
"204","HAM-082","HAM",82,1,NA,NA,43.27184,-79.87547,NA,NA,2023-07-11 14:53:00,2024-06-26 13:40:00,4.7,NA,NA,"VR2AR",69,552971,"Generation-2",NA,NA,NA,"No","HAMLO","No","2023",TRUE
"205","HAM-082","HAM",82,2,NA,NA,43.27184,-79.87547,NA,NA,2024-06-26 14:10:00,2025-08-27 14:42:00,3.9,NA,NA,"VR2AR",69,552979,"Generation-2",NA,NA,NA,"No","HAMLO","No","2024",TRUE
"206","HAM-083","HAM",83,1,NA,NA,43.27432,-79.87759,NA,NA,2023-09-14 15:56:00,2024-06-27 20:00:00,NA,NA,NA,"VR2AR",69,552974,"Generation-2",NA,NA,NA,"No","HAMLO","No","2023",TRUE
"207","HAM-083","HAM",83,2,NA,NA,43.27432,-79.87759,NA,NA,2024-06-27 20:08:00,2025-07-23 14:19:00,8.1,NA,NA,"VR2AR",69,552971,"Generation-2",NA,NA,NA,"No","HAMLO","No","2024",TRUE
"208","HAM-083","HAM",83,3,NA,NA,43.27432,-79.87759,NA,NA,2025-07-23 14:24:00,2025-10-21 14:17:00,8.2,1.5,NA,"VR2AR",69,552976,"Generation-2",NA,NA,NA,"No","HAMLO","No","2025",TRUE
"209","HAM-084","HAM",84,1,NA,NA,43.27551,-79.87173,NA,NA,2023-09-14 15:53:00,2024-06-26 14:14:00,NA,NA,NA,"VR2AR",69,548274,"Generation-2",NA,NA,NA,"No","HAMLO","No","2023",TRUE
"210","HAM-084","HAM",84,2,NA,NA,43.27551,-79.87173,NA,NA,2024-06-27 19:38:00,2025-07-23 14:29:00,9.4,NA,NA,"VR2AR",69,548253,"Generation-2","error 1 initialization occurred between deploy and recover",NA,NA,"No","HAMLO","No","2024",TRUE
"211","HAM-084","HAM",84,3,NA,NA,43.27551,-79.87173,NA,NA,2025-07-23 14:35:00,2025-10-21 14:02:00,9.4,1.5,NA,"VR2AR",69,549114,"Generation-2",NA,NA,NA,"No","HAMLO","No","2025",TRUE
"212","HAM-085","HAM",85,1,NA,NA,43.27843,-79.8619,NA,NA,2023-07-10 15:23:00,2024-06-13 16:00:00,10,NA,NA,"VR2AR",69,552977,"Generation-2",NA,NA,NA,"No","HAMLO","No","2023",TRUE
"213","HAM-085","HAM",85,2,NA,NA,43.27843,-79.8619,NA,NA,2024-06-13 16:05:00,2025-07-10 15:59:00,9.8,NA,NA,"VR2AR",69,549114,"Generation-2",NA,NA,NA,"No","HAMLO","No","2024",TRUE
"214","HAM-085","HAM",85,3,NA,NA,43.27843,-79.8619,NA,NA,2025-07-10 16:08:00,2025-10-21 13:15:00,10.4,1.5,NA,"VR2AR",69,548262,"Generation-2",NA,NA,NA,"No","HAMLO","No","2025",TRUE
"215","HAM-087","HAM",87,1,NA,NA,43.29413,-79.88175,NA,NA,2024-03-07 18:55:00,2024-08-26 17:10:00,0.5,NA,NA,"VR2W-Tx",69,487623,"Generation-2",NA,NA,NA,"Yes","HAMLO","No","2024",TRUE
"216","HAM-087","HAM",87,3,NA,NA,43.29432,-79.88198,NA,NA,2025-04-11 16:00:00,2025-09-03 15:30:00,1,0.75,0.15,"VR2W-Tx",69,481800,"Generation-2",NA,NA,NA,"Yes","HAMLO","No","2025",TRUE
"217","HAM-088","HAM",88,1,NA,NA,43.27514,-79.92065,NA,NA,2024-03-13 16:24:00,2024-08-28 17:00:00,0.75,NA,NA,"VR2W",69,137957,"Generation-2",NA,NA,NA,"Yes","HAMLO","No","2024",TRUE
"218","HAM-088","HAM",88,2,NA,NA,43.27515,-79.9207,NA,NA,2025-04-25 14:05:00,2025-10-02 15:15:00,1,0.5,0.3,"VR2W",69,119690,"Generation-2",NA,NA,NA,"Yes","HAMLO","No","2025",TRUE
"219","HAM-089","HAM",89,1,NA,NA,43.26792,-79.92775,NA,NA,2024-03-13 18:14:00,2024-08-28 16:20:00,0.9,NA,NA,"VR2W",69,132820,"Generation-2",NA,NA,NA,"Yes","HAMLO","No","2024",TRUE
"220","HAM-089","HAM",89,2,NA,NA,43.26792,-79.92775,NA,NA,2025-04-17 16:20:00,2025-09-26 16:35:00,1.5,NA,0.3,"VR2W",69,137957,"Generation-2",NA,NA,NA,"Yes","HAMLO","No","2025",TRUE
"221","HAM-090","HAM",90,1,NA,NA,43.2742,-79.91723,NA,NA,2024-03-13 15:48:00,2024-08-28 14:40:00,0.88,NA,NA,"VR2W",69,137954,"Generation-2",NA,NA,NA,"Yes","HAMLO","No","2024",FALSE
"222","HAM-090","HAM",90,2,NA,NA,43.2742,-79.91723,NA,NA,2025-04-25 14:25:00,2025-10-02 16:00:00,0.9,0.3,0.45,"VR2W",69,126879,"Generation-2",NA,NA,NA,"Yes","HAMLO","No","2025",TRUE
"223","HAM-091","HAM",91,1,NA,NA,43.27248,-79.92561,NA,NA,2024-03-13 16:45:00,2024-08-07 15:00:00,0.54,NA,NA,"VR2W",69,119681,"Generation-2",NA,NA,NA,"Yes","HAMLO","No","2024",TRUE
"224","HAM-091","HAM",91,3,NA,NA,43.27258,-79.9254,NA,NA,2025-04-17 16:45:00,2025-09-26 16:20:00,0.6,0.2,0.3,"VR2W",69,127840,"Generation-2",NA,NA,NA,"Yes","HAMLO","No","2025",TRUE
"225","HAM-093","HAM",93,1,NA,NA,43.2771,-79.91317,NA,NA,2024-03-13 15:20:00,2024-08-28 14:30:00,0.63,NA,NA,"VR2W-Tx",69,481797,"Generation-2",NA,NA,NA,"Yes","HAMLO","No","2024",TRUE
"226","HAM-093","HAM",93,2,NA,NA,43.27714,-79.91316,NA,NA,2025-04-25 13:45:00,2025-10-02 15:30:00,1,0.8,10,"VR2W-Tx",69,481802,"Generation-2",NA,NA,NA,"Yes","HAMLO","No","2025",TRUE
"227","HAM-094","HAM",94,1,NA,NA,43.27214,-79.91265,NA,NA,2024-03-13 14:43:00,2024-09-04 14:23:00,0.55,NA,NA,"VR2W",69,121998,"Generation-2",NA,NA,NA,"Yes","HAMLO","No","2024",TRUE
"228","HAM-094","HAM",94,2,NA,NA,43.2719,-79.91228,NA,NA,2025-04-25 15:05:00,2025-09-02 18:15:00,1,0.5,0.2,"VR2W",69,119662,"Generation-2",NA,NA,NA,"Yes","HAMLO","No","2025",TRUE
"229","HAM-095","HAM",95,1,NA,NA,43.27225,-79.90253,NA,NA,2024-03-13 14:24:00,2024-09-04 14:13:00,0.73,NA,NA,"VR2W",69,127839,"Generation-2",NA,NA,NA,"Yes","HAMLO","No","2024",TRUE
"230","HAM-095","HAM",95,2,NA,NA,43.2722,-79.90237,NA,NA,2025-04-25 15:25:00,2025-09-23 16:29:00,1,0.5,0.2,"VR2W",69,127847,"Generation-2",NA,NA,NA,"Yes","HAMLO","No","2025",TRUE
"231","HAM-096","HAM",96,1,NA,NA,43.28358,-79.8971,NA,NA,2024-03-13 17:05:00,2024-11-12 17:00:00,0.63,NA,NA,"VR2W",69,105463,"Generation-2",NA,NA,NA,"Yes","HAMLO","No","2024",TRUE
"232","HAM-096","HAM",96,2,NA,NA,43.2837,-79.89738,NA,NA,2025-04-25 15:40:00,2025-09-23 17:05:00,1,0.6,0.2,"VR2W",69,127836,"Generation-2",NA,NA,NA,"Yes","HAMLO","No","2025",TRUE
"233","HAM-098","HAM",98,1,NA,NA,43.27531,-79.89396,NA,NA,2024-03-27 16:11:00,2024-09-04 14:05:00,0.65,NA,NA,"VR2W-Tx",69,487637,"Generation-2",NA,NA,NA,"Yes","HAMLO","No","2024",TRUE
"234","HAM-098","HAM",98,2,NA,NA,43.2752,-79.89442,NA,NA,2025-04-17 15:10:00,2025-09-23 16:43:00,1,NA,NA,"VR2W-Tx",69,487637,"Generation-2",NA,NA,NA,"Yes","HAMLO","No","2025",TRUE
"235","HAM-099","HAM",99,1,NA,NA,43.28173,-79.88989,NA,NA,2024-04-05 15:00:00,2024-08-27 14:30:00,NA,NA,NA,"VR2W-Tx",69,481722,"Generation-2",NA,NA,NA,"Yes","HAMLO","No","2024",FALSE
"236","HAM-099","HAM",99,2,NA,NA,43.28173,-79.88989,NA,NA,2025-04-28 22:05:00,2025-11-19 16:58:00,1,0.2,0.6,"VR2W-Tx",69,487629,"Generation-2",NA,NA,NA,"Yes","HAMLO","No","2025",TRUE
